START	3907.511479	(((A/Boston/DOA2_107/2012|CY148382|11/01/2012|USA|12_13|H3N2/1-1409:1,A/Hawaii/02/2013|KF789866|05/28/2013|USA|12_13|H3N2/1-1409:1)1:1,(A/Maryland/03/2013|KF789621|02/10/2013|USA|12_13|H3N2/1-1409:1,A/Peru/PER247/2011|CY162234|08/26/2011|Peru||H3N2/8-1416:1)1:1)1:1,((A/Denmark/107/2003|EU103941|2003|Denmark||H3N2/1-1409:1,A/Maryland/21/2011|KC892695|12/26/2011|USA|11_12|H3N2/1-1409:1)1:1,((A/Indiana/03/2012|KC892731|04/03/2012|USA|11_12|H3N2/1-1409:1,(A/Mexico/InDRE940/2003|CY100628|2003|Mexico||H3N2/15-1423:1,(A/DaNang/DN434/2008|CY104616|11/11/2008|Viet_Nam||H3N2/4-1412:1,A/Boston/57/2008|CY044710|02/24/2008|USA|07_08|H3N2/1-1409:1)1:1)1:1)1:1,((A/Managua/25/2007|CY032439|06/27/2007|Nicaragua||H3N2/1-1409:1,A/Scotland/76/2003|CY088128|11/03/2003|United_Kingdom|03_04|H3N2/1-1409:1)1:1,((A/New_Hampshire/12/2012|KF790252|11/08/2012|USA|12_13|H3N2/1-1409:1,A/Nebraska/15/2011|KC892583|12/15/2011|USA|11_12|H3N2/1-1409:1)1:1,((A/Minab/797/2011|KC865620|12/24/2011|Iran||H3N2/20-1428:1,(A/Canterbury/58/2000|CY009150|09/05/2000|New_Zealand||H3N2/8-1416:1,A/New_York/182/2000|CY001279|02/18/2000|USA|99_00|H3N2/1-1409:1)1:1)1:1,(A/Hong_Kong/H090_695_V10/2009|CY115546|07/10/2009|Hong_Kong||H3N2/8-1416:1,A/Oregon/15/2009|GQ895004|06/25/2009|USA|08_09|H3N2/1-1409:1)1:1)1:1)1:1)1:1)1:1)1:1)1:1;	1::0.0,5::1.0,3::1.0,2::1.0,1:A/Boston/DOA2_107/2012|CY148382|11/01/2012|USA|12_13|H3N2/1-1409:1.0,2:A/Hawaii/02/2013|KF789866|05/28/2013|USA|12_13|H3N2/1-1409:1.0,4::1.0,3:A/Maryland/03/2013|KF789621|02/10/2013|USA|12_13|H3N2/1-1409:1.0,4:A/Peru/PER247/2011|CY162234|08/26/2011|Peru||H3N2/8-1416:1.0,7::1.0,6::1.0,5:A/Denmark/107/2003|EU103941|2003|Denmark||H3N2/1-1409:1.0,6:A/Maryland/21/2011|KC892695|12/26/2011|USA|11_12|H3N2/1-1409:1.0,11::1.0,8::1.0,7:A/Indiana/03/2012|KC892731|04/03/2012|USA|11_12|H3N2/1-1409:1.0,9::1.0,8:A/Mexico/InDRE940/2003|CY100628|2003|Mexico||H3N2/15-1423:1.0,10::1.0,9:A/DaNang/DN434/2008|CY104616|11/11/2008|Viet_Nam||H3N2/4-1412:1.0,10:A/Boston/57/2008|CY044710|02/24/2008|USA|07_08|H3N2/1-1409:1.0,13::1.0,12::1.0,11:A/Managua/25/2007|CY032439|06/27/2007|Nicaragua||H3N2/1-1409:1.0,12:A/Scotland/76/2003|CY088128|11/03/2003|United_Kingdom|03_04|H3N2/1-1409:1.0,15::1.0,14::1.0,13:A/New_Hampshire/12/2012|KF790252|11/08/2012|USA|12_13|H3N2/1-1409:1.0,14:A/Nebraska/15/2011|KC892583|12/15/2011|USA|11_12|H3N2/1-1409:1.0,18::1.0,16::1.0,15:A/Minab/797/2011|KC865620|12/24/2011|Iran||H3N2/20-1428:1.0,17::1.0,16:A/Canterbury/58/2000|CY009150|09/05/2000|New_Zealand||H3N2/8-1416:1.0,17:A/New_York/182/2000|CY001279|02/18/2000|USA|99_00|H3N2/1-1409:1.0,19::1.0,18:A/Hong_Kong/H090_695_V10/2009|CY115546|07/10/2009|Hong_Kong||H3N2/8-1416:1.0,19:A/Oregon/15/2009|GQ895004|06/25/2009|USA|08_09|H3N2/1-1409:1.0;
NEIGHBOUR	3637.180288	((((((A/Nebraska/15/2011|KC892583|12/15/2011|USA|11_12|H3N2/1-1409:1,A/New_Hampshire/12/2012|KF790252|11/08/2012|USA|12_13|H3N2/1-1409:1)1:1,(((A/New_York/182/2000|CY001279|02/18/2000|USA|99_00|H3N2/1-1409:1,A/Canterbury/58/2000|CY009150|09/05/2000|New_Zealand||H3N2/8-1416:1)1:1,A/Minab/797/2011|KC865620|12/24/2011|Iran||H3N2/20-1428:1)1:1,(A/Oregon/15/2009|GQ895004|06/25/2009|USA|08_09|H3N2/1-1409:1,A/Hong_Kong/H090_695_V10/2009|CY115546|07/10/2009|Hong_Kong||H3N2/8-1416:1)1:1)1:1)1:1,A/Managua/25/2007|CY032439|06/27/2007|Nicaragua||H3N2/1-1409:2)1:1,(((A/Boston/57/2008|CY044710|02/24/2008|USA|07_08|H3N2/1-1409:1,A/DaNang/DN434/2008|CY104616|11/11/2008|Viet_Nam||H3N2/4-1412:1)1:1,A/Mexico/InDRE940/2003|CY100628|2003|Mexico||H3N2/15-1423:1)1:1,A/Indiana/03/2012|KC892731|04/03/2012|USA|11_12|H3N2/1-1409:1)1:1)1:1,((A/Denmark/107/2003|EU103941|2003|Denmark||H3N2/1-1409:0.5,A/Scotland/76/2003|CY088128|11/03/2003|United_Kingdom|03_04|H3N2/1-1409:1)1:0.5,A/Maryland/21/2011|KC892695|12/26/2011|USA|11_12|H3N2/1-1409:1)1:1)1:1,((A/Peru/PER247/2011|CY162234|08/26/2011|Peru||H3N2/8-1416:1,A/Maryland/03/2013|KF789621|02/10/2013|USA|12_13|H3N2/1-1409:1)1:1,(A/Hawaii/02/2013|KF789866|05/28/2013|USA|12_13|H3N2/1-1409:1,A/Boston/DOA2_107/2012|CY148382|11/01/2012|USA|12_13|H3N2/1-1409:1)1:1)1:1)1:1;	1::0.0,9::1.0,4::1.0,2::1.0,3::1.0,5::1.0,18::1.0,1:A/Nebraska/15/2011|KC892583|12/15/2011|USA|11_12|H3N2/1-1409:1.0,16::1.0,11::1.0,7::1.0,2:A/Boston/57/2008|CY044710|02/24/2008|USA|07_08|H3N2/1-1409:1.0,3:A/Managua/25/2007|CY032439|06/27/2007|Nicaragua||H3N2/1-1409:2.0,14::1.0,12::0.5,4:A/Denmark/107/2003|EU103941|2003|Denmark||H3N2/1-1409:0.5,6::1.0,15::1.0,10::1.0,5:A/New_York/182/2000|CY001279|02/18/2000|USA|99_00|H3N2/1-1409:1.0,8::1.0,6:A/Oregon/15/2009|GQ895004|06/25/2009|USA|08_09|H3N2/1-1409:1.0,7:A/DaNang/DN434/2008|CY104616|11/11/2008|Viet_Nam||H3N2/4-1412:1.0,8:A/Hong_Kong/H090_695_V10/2009|CY115546|07/10/2009|Hong_Kong||H3N2/8-1416:1.0,13::1.0,19::1.0,9:A/Peru/PER247/2011|CY162234|08/26/2011|Peru||H3N2/8-1416:1.0,10:A/Canterbury/58/2000|CY009150|09/05/2000|New_Zealand||H3N2/8-1416:1.0,11:A/Mexico/InDRE940/2003|CY100628|2003|Mexico||H3N2/15-1423:1.0,12:A/Scotland/76/2003|CY088128|11/03/2003|United_Kingdom|03_04|H3N2/1-1409:1.0,17::1.0,13:A/Hawaii/02/2013|KF789866|05/28/2013|USA|12_13|H3N2/1-1409:1.0,14:A/Maryland/21/2011|KC892695|12/26/2011|USA|11_12|H3N2/1-1409:1.0,15:A/Minab/797/2011|KC865620|12/24/2011|Iran||H3N2/20-1428:1.0,16:A/Indiana/03/2012|KC892731|04/03/2012|USA|11_12|H3N2/1-1409:1.0,17:A/Boston/DOA2_107/2012|CY148382|11/01/2012|USA|12_13|H3N2/1-1409:1.0,18:A/New_Hampshire/12/2012|KF790252|11/08/2012|USA|12_13|H3N2/1-1409:1.0,19:A/Maryland/03/2013|KF789621|02/10/2013|USA|12_13|H3N2/1-1409:1.0;
NEIGHBOUR	3553.08856	((((A/Hawaii/02/2013|KF789866|05/28/2013|USA|12_13|H3N2/1-1409:1,A/Boston/DOA2_107/2012|CY148382|11/01/2012|USA|12_13|H3N2/1-1409:1)1:1,(A/Peru/PER247/2011|CY162234|08/26/2011|Peru||H3N2/8-1416:1,A/Maryland/03/2013|KF789621|02/10/2013|USA|12_13|H3N2/1-1409:1)1:1)1:1,(((((A/Nebraska/15/2011|KC892583|12/15/2011|USA|11_12|H3N2/1-1409:1,A/New_Hampshire/12/2012|KF790252|11/08/2012|USA|12_13|H3N2/1-1409:1)1:1,(((A/Canterbury/58/2000|CY009150|09/05/2000|New_Zealand||H3N2/8-1416:1,A/New_York/182/2000|CY001279|02/18/2000|USA|99_00|H3N2/1-1409:1)1:1,A/Minab/797/2011|KC865620|12/24/2011|Iran||H3N2/20-1428:1)1:1,(A/Hong_Kong/H090_695_V10/2009|CY115546|07/10/2009|Hong_Kong||H3N2/8-1416:1,A/Oregon/15/2009|GQ895004|06/25/2009|USA|08_09|H3N2/1-1409:1)1:1)1:1)1:1,A/Managua/25/2007|CY032439|06/27/2007|Nicaragua||H3N2/1-1409:2)1:1,((A/DaNang/DN434/2008|CY104616|11/11/2008|Viet_Nam||H3N2/4-1412:1,A/Boston/57/2008|CY044710|02/24/2008|USA|07_08|H3N2/1-1409:1)1:1,A/Mexico/InDRE940/2003|CY100628|2003|Mexico||H3N2/15-1423:1)1:2)1:1,((A/Denmark/107/2003|EU103941|2003|Denmark||H3N2/1-1409:0.5,A/Scotland/76/2003|CY088128|11/03/2003|United_Kingdom|03_04|H3N2/1-1409:1)1:0.5,A/Maryland/21/2011|KC892695|12/26/2011|USA|11_12|H3N2/1-1409:1)1:1)1:1)1:0.5,A/Indiana/03/2012|KC892731|04/03/2012|USA|11_12|H3N2/1-1409:1)1:0.5;	1::0.0,11::0.5,3::0.5,12::1.0,2::1.0,1:A/Hawaii/02/2013|KF789866|05/28/2013|USA|12_13|H3N2/1-1409:1.0,2:A/Boston/DOA2_107/2012|CY148382|11/01/2012|USA|12_13|H3N2/1-1409:1.0,8::1.0,4::1.0,13::1.0,6::1.0,16::1.0,3:A/Nebraska/15/2011|KC892583|12/15/2011|USA|11_12|H3N2/1-1409:1.0,5::2.0,18::1.0,4:A/DaNang/DN434/2008|CY104616|11/11/2008|Viet_Nam||H3N2/4-1412:1.0,5:A/Mexico/InDRE940/2003|CY100628|2003|Mexico||H3N2/15-1423:1.0,14::1.0,15::1.0,7::1.0,6:A/Canterbury/58/2000|CY009150|09/05/2000|New_Zealand||H3N2/8-1416:1.0,7:A/New_York/182/2000|CY001279|02/18/2000|USA|99_00|H3N2/1-1409:1.0,10::1.0,9::0.5,8:A/Denmark/107/2003|EU103941|2003|Denmark||H3N2/1-1409:0.5,9:A/Scotland/76/2003|CY088128|11/03/2003|United_Kingdom|03_04|H3N2/1-1409:1.0,10:A/Maryland/21/2011|KC892695|12/26/2011|USA|11_12|H3N2/1-1409:1.0,11:A/Indiana/03/2012|KC892731|04/03/2012|USA|11_12|H3N2/1-1409:1.0,17::1.0,12:A/Peru/PER247/2011|CY162234|08/26/2011|Peru||H3N2/8-1416:1.0,13:A/Managua/25/2007|CY032439|06/27/2007|Nicaragua||H3N2/1-1409:2.0,19::1.0,14:A/Hong_Kong/H090_695_V10/2009|CY115546|07/10/2009|Hong_Kong||H3N2/8-1416:1.0,15:A/Minab/797/2011|KC865620|12/24/2011|Iran||H3N2/20-1428:1.0,16:A/New_Hampshire/12/2012|KF790252|11/08/2012|USA|12_13|H3N2/1-1409:1.0,17:A/Maryland/03/2013|KF789621|02/10/2013|USA|12_13|H3N2/1-1409:1.0,18:A/Boston/57/2008|CY044710|02/24/2008|USA|07_08|H3N2/1-1409:1.0,19:A/Oregon/15/2009|GQ895004|06/25/2009|USA|08_09|H3N2/1-1409:1.0;
NEIGHBOUR	3488.658155	(((((A/Mexico/InDRE940/2003|CY100628|2003|Mexico||H3N2/15-1423:1,(A/Boston/57/2008|CY044710|02/24/2008|USA|07_08|H3N2/1-1409:1,A/DaNang/DN434/2008|CY104616|11/11/2008|Viet_Nam||H3N2/4-1412:1)1:1)1:2,((((A/Nebraska/15/2011|KC892583|12/15/2011|USA|11_12|H3N2/1-1409:0.5,A/Maryland/21/2011|KC892695|12/26/2011|USA|11_12|H3N2/1-1409:1)1:0.5,A/New_Hampshire/12/2012|KF790252|11/08/2012|USA|12_13|H3N2/1-1409:1)1:1,((A/Hong_Kong/H090_695_V10/2009|CY115546|07/10/2009|Hong_Kong||H3N2/8-1416:1,A/Oregon/15/2009|GQ895004|06/25/2009|USA|08_09|H3N2/1-1409:1)1:1,((A/New_York/182/2000|CY001279|02/18/2000|USA|99_00|H3N2/1-1409:1,A/Canterbury/58/2000|CY009150|09/05/2000|New_Zealand||H3N2/8-1416:1)1:1,A/Minab/797/2011|KC865620|12/24/2011|Iran||H3N2/20-1428:1)1:1)1:1)1:1,A/Managua/25/2007|CY032439|06/27/2007|Nicaragua||H3N2/1-1409:2)1:1)1:1,(A/Scotland/76/2003|CY088128|11/03/2003|United_Kingdom|03_04|H3N2/1-1409:1,A/Denmark/107/2003|EU103941|2003|Denmark||H3N2/1-1409:0.5)1:1.5)1:1,((A/Peru/PER247/2011|CY162234|08/26/2011|Peru||H3N2/8-1416:1,A/Maryland/03/2013|KF789621|02/10/2013|USA|12_13|H3N2/1-1409:1)1:1,(A/Hawaii/02/2013|KF789866|05/28/2013|USA|12_13|H3N2/1-1409:1,A/Boston/DOA2_107/2012|CY148382|11/01/2012|USA|12_13|H3N2/1-1409:1)1:1)1:1)1:0.5,A/Indiana/03/2012|KC892731|04/03/2012|USA|11_12|H3N2/1-1409:1)1:0.5;	1::0.0,7::0.5,5::0.5,2::1.0,3::1.0,8::2.0,1:A/Mexico/InDRE940/2003|CY100628|2003|Mexico||H3N2/15-1423:1.0,11::1.5,2:A/Scotland/76/2003|CY088128|11/03/2003|United_Kingdom|03_04|H3N2/1-1409:1.0,12::1.0,4::1.0,18::1.0,16::0.5,3:A/Nebraska/15/2011|KC892583|12/15/2011|USA|11_12|H3N2/1-1409:0.5,9::1.0,6::1.0,4:A/Hong_Kong/H090_695_V10/2009|CY115546|07/10/2009|Hong_Kong||H3N2/8-1416:1.0,14::1.0,10::1.0,5:A/Peru/PER247/2011|CY162234|08/26/2011|Peru||H3N2/8-1416:1.0,6:A/Oregon/15/2009|GQ895004|06/25/2009|USA|08_09|H3N2/1-1409:1.0,7:A/Indiana/03/2012|KC892731|04/03/2012|USA|11_12|H3N2/1-1409:1.0,17::1.0,8:A/Boston/57/2008|CY044710|02/24/2008|USA|07_08|H3N2/1-1409:1.0,15::1.0,13::1.0,9:A/New_York/182/2000|CY001279|02/18/2000|USA|99_00|H3N2/1-1409:1.0,10:A/Maryland/03/2013|KF789621|02/10/2013|USA|12_13|H3N2/1-1409:1.0,11:A/Denmark/107/2003|EU103941|2003|Denmark||H3N2/1-1409:0.5,12:A/Managua/25/2007|CY032439|06/27/2007|Nicaragua||H3N2/1-1409:2.0,13:A/Canterbury/58/2000|CY009150|09/05/2000|New_Zealand||H3N2/8-1416:1.0,19::1.0,14:A/Hawaii/02/2013|KF789866|05/28/2013|USA|12_13|H3N2/1-1409:1.0,15:A/Minab/797/2011|KC865620|12/24/2011|Iran||H3N2/20-1428:1.0,16:A/Maryland/21/2011|KC892695|12/26/2011|USA|11_12|H3N2/1-1409:1.0,17:A/DaNang/DN434/2008|CY104616|11/11/2008|Viet_Nam||H3N2/4-1412:1.0,18:A/New_Hampshire/12/2012|KF790252|11/08/2012|USA|12_13|H3N2/1-1409:1.0,19:A/Boston/DOA2_107/2012|CY148382|11/01/2012|USA|12_13|H3N2/1-1409:1.0;
NEIGHBOUR	3370.743939	((((A/Mexico/InDRE940/2003|CY100628|2003|Mexico||H3N2/15-1423:1,(A/DaNang/DN434/2008|CY104616|11/11/2008|Viet_Nam||H3N2/4-1412:1,A/Boston/57/2008|CY044710|02/24/2008|USA|07_08|H3N2/1-1409:1)1:1)1:2,(A/Managua/25/2007|CY032439|06/27/2007|Nicaragua||H3N2/1-1409:2,(((A/Hong_Kong/H090_695_V10/2009|CY115546|07/10/2009|Hong_Kong||H3N2/8-1416:1,A/Oregon/15/2009|GQ895004|06/25/2009|USA|08_09|H3N2/1-1409:1)1:1,(((A/New_York/182/2000|CY001279|02/18/2000|USA|99_00|H3N2/1-1409:1,A/Canterbury/58/2000|CY009150|09/05/2000|New_Zealand||H3N2/8-1416:1)1:0.5,(A/Denmark/107/2003|EU103941|2003|Denmark||H3N2/1-1409:0.5,A/Scotland/76/2003|CY088128|11/03/2003|United_Kingdom|03_04|H3N2/1-1409:1)1:1.5)1:0.5,A/Minab/797/2011|KC865620|12/24/2011|Iran||H3N2/20-1428:1)1:1)1:1,(A/New_Hampshire/12/2012|KF790252|11/08/2012|USA|12_13|H3N2/1-1409:1,(A/Maryland/21/2011|KC892695|12/26/2011|USA|11_12|H3N2/1-1409:1,A/Nebraska/15/2011|KC892583|12/15/2011|USA|11_12|H3N2/1-1409:0.5)1:0.5)1:1)1:1)1:1)1:2,((A/Boston/DOA2_107/2012|CY148382|11/01/2012|USA|12_13|H3N2/1-1409:1,A/Hawaii/02/2013|KF789866|05/28/2013|USA|12_13|H3N2/1-1409:1)1:1,(A/Maryland/03/2013|KF789621|02/10/2013|USA|12_13|H3N2/1-1409:1,A/Peru/PER247/2011|CY162234|08/26/2011|Peru||H3N2/8-1416:1)1:1)1:1)1:0.5,A/Indiana/03/2012|KC892731|04/03/2012|USA|11_12|H3N2/1-1409:1)1:0.5;	1::0.0,3::0.5,2::0.5,4::2.0,12::2.0,1:A/Mexico/InDRE940/2003|CY100628|2003|Mexico||H3N2/15-1423:1.0,5::1.0,17::1.0,2:A/Boston/DOA2_107/2012|CY148382|11/01/2012|USA|12_13|H3N2/1-1409:1.0,3:A/Indiana/03/2012|KC892731|04/03/2012|USA|11_12|H3N2/1-1409:1.0,6::1.0,4:A/Managua/25/2007|CY032439|06/27/2007|Nicaragua||H3N2/1-1409:2.0,15::1.0,5:A/Maryland/03/2013|KF789621|02/10/2013|USA|12_13|H3N2/1-1409:1.0,11::1.0,7::1.0,10::1.0,6:A/Hong_Kong/H090_695_V10/2009|CY115546|07/10/2009|Hong_Kong||H3N2/8-1416:1.0,9::1.0,8::0.5,19::0.5,7:A/New_York/182/2000|CY001279|02/18/2000|USA|99_00|H3N2/1-1409:1.0,18::1.5,8:A/Denmark/107/2003|EU103941|2003|Denmark||H3N2/1-1409:0.5,9:A/Minab/797/2011|KC865620|12/24/2011|Iran||H3N2/20-1428:1.0,10:A/Oregon/15/2009|GQ895004|06/25/2009|USA|08_09|H3N2/1-1409:1.0,13::1.0,11:A/New_Hampshire/12/2012|KF790252|11/08/2012|USA|12_13|H3N2/1-1409:1.0,16::1.0,12:A/DaNang/DN434/2008|CY104616|11/11/2008|Viet_Nam||H3N2/4-1412:1.0,14::0.5,13:A/Maryland/21/2011|KC892695|12/26/2011|USA|11_12|H3N2/1-1409:1.0,14:A/Nebraska/15/2011|KC892583|12/15/2011|USA|11_12|H3N2/1-1409:0.5,15:A/Peru/PER247/2011|CY162234|08/26/2011|Peru||H3N2/8-1416:1.0,16:A/Boston/57/2008|CY044710|02/24/2008|USA|07_08|H3N2/1-1409:1.0,17:A/Hawaii/02/2013|KF789866|05/28/2013|USA|12_13|H3N2/1-1409:1.0,18:A/Scotland/76/2003|CY088128|11/03/2003|United_Kingdom|03_04|H3N2/1-1409:1.0,19:A/Canterbury/58/2000|CY009150|09/05/2000|New_Zealand||H3N2/8-1416:1.0;
NEIGHBOUR	3292.685601	((((((A/Oregon/15/2009|GQ895004|06/25/2009|USA|08_09|H3N2/1-1409:1,A/Hong_Kong/H090_695_V10/2009|CY115546|07/10/2009|Hong_Kong||H3N2/8-1416:1)1:1,(A/Minab/797/2011|KC865620|12/24/2011|Iran||H3N2/20-1428:1,((A/New_York/182/2000|CY001279|02/18/2000|USA|99_00|H3N2/1-1409:1,A/Canterbury/58/2000|CY009150|09/05/2000|New_Zealand||H3N2/8-1416:1)1:0.5,(A/Denmark/107/2003|EU103941|2003|Denmark||H3N2/1-1409:0.5,A/Scotland/76/2003|CY088128|11/03/2003|United_Kingdom|03_04|H3N2/1-1409:1)1:1.5)1:0.5)1:1)1:2,A/Managua/25/2007|CY032439|06/27/2007|Nicaragua||H3N2/1-1409:2)1:1,((A/Boston/57/2008|CY044710|02/24/2008|USA|07_08|H3N2/1-1409:1,A/DaNang/DN434/2008|CY104616|11/11/2008|Viet_Nam||H3N2/4-1412:1)1:1,A/Mexico/InDRE940/2003|CY100628|2003|Mexico||H3N2/15-1423:1)1:2)1:2,(((A/Boston/DOA2_107/2012|CY148382|11/01/2012|USA|12_13|H3N2/1-1409:1,A/Hawaii/02/2013|KF789866|05/28/2013|USA|12_13|H3N2/1-1409:1)1:0.5,(A/New_Hampshire/12/2012|KF790252|11/08/2012|USA|12_13|H3N2/1-1409:1,(A/Nebraska/15/2011|KC892583|12/15/2011|USA|11_12|H3N2/1-1409:0.5,A/Maryland/21/2011|KC892695|12/26/2011|USA|11_12|H3N2/1-1409:1)1:0.5)1:1)1:0.5,(A/Maryland/03/2013|KF789621|02/10/2013|USA|12_13|H3N2/1-1409:1,A/Peru/PER247/2011|CY162234|08/26/2011|Peru||H3N2/8-1416:1)1:1)1:1)1:0.5,A/Indiana/03/2012|KC892731|04/03/2012|USA|11_12|H3N2/1-1409:1)1:0.5;	1::0.0,2::0.5,5::0.5,7::2.0,15::1.0,3::2.0,4::1.0,1:A/Oregon/15/2009|GQ895004|06/25/2009|USA|08_09|H3N2/1-1409:1.0,2:A/Indiana/03/2012|KC892731|04/03/2012|USA|11_12|H3N2/1-1409:1.0,9::1.0,3:A/Minab/797/2011|KC865620|12/24/2011|Iran||H3N2/20-1428:1.0,4:A/Hong_Kong/H090_695_V10/2009|CY115546|07/10/2009|Hong_Kong||H3N2/8-1416:1.0,6::1.0,13::0.5,18::0.5,5:A/Boston/DOA2_107/2012|CY148382|11/01/2012|USA|12_13|H3N2/1-1409:1.0,17::1.0,6:A/Maryland/03/2013|KF789621|02/10/2013|USA|12_13|H3N2/1-1409:1.0,10::2.0,8::1.0,7:A/Boston/57/2008|CY044710|02/24/2008|USA|07_08|H3N2/1-1409:1.0,8:A/DaNang/DN434/2008|CY104616|11/11/2008|Viet_Nam||H3N2/4-1412:1.0,11::0.5,12::0.5,9:A/New_York/182/2000|CY001279|02/18/2000|USA|99_00|H3N2/1-1409:1.0,10:A/Mexico/InDRE940/2003|CY100628|2003|Mexico||H3N2/15-1423:1.0,16::1.5,11:A/Denmark/107/2003|EU103941|2003|Denmark||H3N2/1-1409:0.5,12:A/Canterbury/58/2000|CY009150|09/05/2000|New_Zealand||H3N2/8-1416:1.0,14::1.0,13:A/New_Hampshire/12/2012|KF790252|11/08/2012|USA|12_13|H3N2/1-1409:1.0,19::0.5,14:A/Nebraska/15/2011|KC892583|12/15/2011|USA|11_12|H3N2/1-1409:0.5,15:A/Managua/25/2007|CY032439|06/27/2007|Nicaragua||H3N2/1-1409:2.0,16:A/Scotland/76/2003|CY088128|11/03/2003|United_Kingdom|03_04|H3N2/1-1409:1.0,17:A/Peru/PER247/2011|CY162234|08/26/2011|Peru||H3N2/8-1416:1.0,18:A/Hawaii/02/2013|KF789866|05/28/2013|USA|12_13|H3N2/1-1409:1.0,19:A/Maryland/21/2011|KC892695|12/26/2011|USA|11_12|H3N2/1-1409:1.0;
NEIGHBOUR	3218.994402	(((((A/Boston/DOA2_107/2012|CY148382|11/01/2012|USA|12_13|H3N2/1-1409:1,A/Hawaii/02/2013|KF789866|05/28/2013|USA|12_13|H3N2/1-1409:1)1:0.5,((A/Maryland/21/2011|KC892695|12/26/2011|USA|11_12|H3N2/1-1409:1,A/Nebraska/15/2011|KC892583|12/15/2011|USA|11_12|H3N2/1-1409:0.5)1:0.5,A/New_Hampshire/12/2012|KF790252|11/08/2012|USA|12_13|H3N2/1-1409:1)1:1)1:0.5,(A/Maryland/03/2013|KF789621|02/10/2013|USA|12_13|H3N2/1-1409:1,A/Peru/PER247/2011|CY162234|08/26/2011|Peru||H3N2/8-1416:1)1:1)1:1,(((((((A/New_York/182/2000|CY001279|02/18/2000|USA|99_00|H3N2/1-1409:1,A/Canterbury/58/2000|CY009150|09/05/2000|New_Zealand||H3N2/8-1416:1)1:0.5,(A/Scotland/76/2003|CY088128|11/03/2003|United_Kingdom|03_04|H3N2/1-1409:1,A/Denmark/107/2003|EU103941|2003|Denmark||H3N2/1-1409:0.5)1:1.5)1:0.25,A/Mexico/InDRE940/2003|CY100628|2003|Mexico||H3N2/15-1423:1)1:0.25,A/Minab/797/2011|KC865620|12/24/2011|Iran||H3N2/20-1428:1)1:1,(A/Oregon/15/2009|GQ895004|06/25/2009|USA|08_09|H3N2/1-1409:1,A/Hong_Kong/H090_695_V10/2009|CY115546|07/10/2009|Hong_Kong||H3N2/8-1416:1)1:1)1:2,A/Managua/25/2007|CY032439|06/27/2007|Nicaragua||H3N2/1-1409:2)1:1,(A/DaNang/DN434/2008|CY104616|11/11/2008|Viet_Nam||H3N2/4-1412:1,A/Boston/57/2008|CY044710|02/24/2008|USA|07_08|H3N2/1-1409:1)1:3)1:2)1:0.5,A/Indiana/03/2012|KC892731|04/03/2012|USA|11_12|H3N2/1-1409:1)1:0.5;	1::0.0,2::0.5,3::0.5,8::1.0,5::0.5,4::0.5,1:A/Boston/DOA2_107/2012|CY148382|11/01/2012|USA|12_13|H3N2/1-1409:1.0,2:A/Indiana/03/2012|KC892731|04/03/2012|USA|11_12|H3N2/1-1409:1.0,11::2.0,7::1.0,10::2.0,14::1.0,19::0.25,6::0.25,12::0.5,3:A/New_York/182/2000|CY001279|02/18/2000|USA|99_00|H3N2/1-1409:1.0,4:A/Hawaii/02/2013|KF789866|05/28/2013|USA|12_13|H3N2/1-1409:1.0,9::1.0,13::0.5,5:A/Maryland/21/2011|KC892695|12/26/2011|USA|11_12|H3N2/1-1409:1.0,16::1.5,6:A/Scotland/76/2003|CY088128|11/03/2003|United_Kingdom|03_04|H3N2/1-1409:1.0,7:A/Managua/25/2007|CY032439|06/27/2007|Nicaragua||H3N2/1-1409:2.0,15::1.0,8:A/Maryland/03/2013|KF789621|02/10/2013|USA|12_13|H3N2/1-1409:1.0,9:A/New_Hampshire/12/2012|KF790252|11/08/2012|USA|12_13|H3N2/1-1409:1.0,18::1.0,10:A/Oregon/15/2009|GQ895004|06/25/2009|USA|08_09|H3N2/1-1409:1.0,17::3.0,11:A/DaNang/DN434/2008|CY104616|11/11/2008|Viet_Nam||H3N2/4-1412:1.0,12:A/Canterbury/58/2000|CY009150|09/05/2000|New_Zealand||H3N2/8-1416:1.0,13:A/Nebraska/15/2011|KC892583|12/15/2011|USA|11_12|H3N2/1-1409:0.5,14:A/Minab/797/2011|KC865620|12/24/2011|Iran||H3N2/20-1428:1.0,15:A/Peru/PER247/2011|CY162234|08/26/2011|Peru||H3N2/8-1416:1.0,16:A/Denmark/107/2003|EU103941|2003|Denmark||H3N2/1-1409:0.5,17:A/Boston/57/2008|CY044710|02/24/2008|USA|07_08|H3N2/1-1409:1.0,18:A/Hong_Kong/H090_695_V10/2009|CY115546|07/10/2009|Hong_Kong||H3N2/8-1416:1.0,19:A/Mexico/InDRE940/2003|CY100628|2003|Mexico||H3N2/15-1423:1.0;
NEIGHBOUR	3171.38376	((((((A/Maryland/21/2011|KC892695|12/26/2011|USA|11_12|H3N2/1-1409:1,A/Nebraska/15/2011|KC892583|12/15/2011|USA|11_12|H3N2/1-1409:0.5)1:0.5,A/New_Hampshire/12/2012|KF790252|11/08/2012|USA|12_13|H3N2/1-1409:1)1:1,(A/Boston/DOA2_107/2012|CY148382|11/01/2012|USA|12_13|H3N2/1-1409:1,A/Hawaii/02/2013|KF789866|05/28/2013|USA|12_13|H3N2/1-1409:1)1:0.5)1:0.5,A/Maryland/03/2013|KF789621|02/10/2013|USA|12_13|H3N2/1-1409:2)1:1,((((((((A/Denmark/107/2003|EU103941|2003|Denmark||H3N2/1-1409:0.5,A/Scotland/76/2003|CY088128|11/03/2003|United_Kingdom|03_04|H3N2/1-1409:1)1:1.5,(A/New_York/182/2000|CY001279|02/18/2000|USA|99_00|H3N2/1-1409:1,A/Canterbury/58/2000|CY009150|09/05/2000|New_Zealand||H3N2/8-1416:1)1:0.5)1:0.25,A/Mexico/InDRE940/2003|CY100628|2003|Mexico||H3N2/15-1423:1)1:0.25,A/Minab/797/2011|KC865620|12/24/2011|Iran||H3N2/20-1428:1)1:1,(A/Oregon/15/2009|GQ895004|06/25/2009|USA|08_09|H3N2/1-1409:1,A/Hong_Kong/H090_695_V10/2009|CY115546|07/10/2009|Hong_Kong||H3N2/8-1416:1)1:1)1:2,A/Managua/25/2007|CY032439|06/27/2007|Nicaragua||H3N2/1-1409:2)1:1,(A/DaNang/DN434/2008|CY104616|11/11/2008|Viet_Nam||H3N2/4-1412:1,A/Boston/57/2008|CY044710|02/24/2008|USA|07_08|H3N2/1-1409:1)1:3)1:1,A/Peru/PER247/2011|CY162234|08/26/2011|Peru||H3N2/8-1416:1)1:1)1:0.5,A/Indiana/03/2012|KC892731|04/03/2012|USA|11_12|H3N2/1-1409:1)1:0.5;	1::0.0,12::0.5,2::0.5,7::1.0,5::0.5,6::1.0,9::0.5,1:A/Maryland/21/2011|KC892695|12/26/2011|USA|11_12|H3N2/1-1409:1.0,18::1.0,17::1.0,3::1.0,11::2.0,4::1.0,10::0.25,8::0.25,14::1.5,2:A/Denmark/107/2003|EU103941|2003|Denmark||H3N2/1-1409:0.5,3:A/Managua/25/2007|CY032439|06/27/2007|Nicaragua||H3N2/1-1409:2.0,4:A/Minab/797/2011|KC865620|12/24/2011|Iran||H3N2/20-1428:1.0,16::0.5,5:A/Boston/DOA2_107/2012|CY148382|11/01/2012|USA|12_13|H3N2/1-1409:1.0,6:A/New_Hampshire/12/2012|KF790252|11/08/2012|USA|12_13|H3N2/1-1409:1.0,7:A/Maryland/03/2013|KF789621|02/10/2013|USA|12_13|H3N2/1-1409:2.0,15::0.5,8:A/New_York/182/2000|CY001279|02/18/2000|USA|99_00|H3N2/1-1409:1.0,9:A/Nebraska/15/2011|KC892583|12/15/2011|USA|11_12|H3N2/1-1409:0.5,10:A/Mexico/InDRE940/2003|CY100628|2003|Mexico||H3N2/15-1423:1.0,13::1.0,11:A/Oregon/15/2009|GQ895004|06/25/2009|USA|08_09|H3N2/1-1409:1.0,12:A/Indiana/03/2012|KC892731|04/03/2012|USA|11_12|H3N2/1-1409:1.0,13:A/Hong_Kong/H090_695_V10/2009|CY115546|07/10/2009|Hong_Kong||H3N2/8-1416:1.0,14:A/Scotland/76/2003|CY088128|11/03/2003|United_Kingdom|03_04|H3N2/1-1409:1.0,15:A/Canterbury/58/2000|CY009150|09/05/2000|New_Zealand||H3N2/8-1416:1.0,16:A/Hawaii/02/2013|KF789866|05/28/2013|USA|12_13|H3N2/1-1409:1.0,19::3.0,17:A/DaNang/DN434/2008|CY104616|11/11/2008|Viet_Nam||H3N2/4-1412:1.0,18:A/Peru/PER247/2011|CY162234|08/26/2011|Peru||H3N2/8-1416:1.0,19:A/Boston/57/2008|CY044710|02/24/2008|USA|07_08|H3N2/1-1409:1.0;
NEIGHBOUR	3153.610338	((((((A/Nebraska/15/2011|KC892583|12/15/2011|USA|11_12|H3N2/1-1409:0.5,A/Maryland/21/2011|KC892695|12/26/2011|USA|11_12|H3N2/1-1409:1)1:0.25,((((((((A/Scotland/76/2003|CY088128|11/03/2003|United_Kingdom|03_04|H3N2/1-1409:1,A/Denmark/107/2003|EU103941|2003|Denmark||H3N2/1-1409:0.5)1:1.5,(A/Canterbury/58/2000|CY009150|09/05/2000|New_Zealand||H3N2/8-1416:1,A/New_York/182/2000|CY001279|02/18/2000|USA|99_00|H3N2/1-1409:1)1:0.5)1:0.25,A/Mexico/InDRE940/2003|CY100628|2003|Mexico||H3N2/15-1423:1)1:0.25,A/Minab/797/2011|KC865620|12/24/2011|Iran||H3N2/20-1428:1)1:1,(A/Hong_Kong/H090_695_V10/2009|CY115546|07/10/2009|Hong_Kong||H3N2/8-1416:1,A/Oregon/15/2009|GQ895004|06/25/2009|USA|08_09|H3N2/1-1409:1)1:1)1:2,A/Managua/25/2007|CY032439|06/27/2007|Nicaragua||H3N2/1-1409:2)1:1,(A/DaNang/DN434/2008|CY104616|11/11/2008|Viet_Nam||H3N2/4-1412:1,A/Boston/57/2008|CY044710|02/24/2008|USA|07_08|H3N2/1-1409:1)1:3)1:1,A/Peru/PER247/2011|CY162234|08/26/2011|Peru||H3N2/8-1416:1)1:1)1:0.25,A/New_Hampshire/12/2012|KF790252|11/08/2012|USA|12_13|H3N2/1-1409:1)1:1,(A/Hawaii/02/2013|KF789866|05/28/2013|USA|12_13|H3N2/1-1409:1,A/Boston/DOA2_107/2012|CY148382|11/01/2012|USA|12_13|H3N2/1-1409:1)1:0.5)1:0.5,A/Maryland/03/2013|KF789621|02/10/2013|USA|12_13|H3N2/1-1409:2)1:1.5,A/Indiana/03/2012|KC892731|04/03/2012|USA|11_12|H3N2/1-1409:1)1:0.5;	1::0.0,10::0.5,3::1.5,2::0.5,4::1.0,5::0.25,14::0.25,1:A/Nebraska/15/2011|KC892583|12/15/2011|USA|11_12|H3N2/1-1409:0.5,17::0.5,2:A/Hawaii/02/2013|KF789866|05/28/2013|USA|12_13|H3N2/1-1409:1.0,3:A/Maryland/03/2013|KF789621|02/10/2013|USA|12_13|H3N2/1-1409:2.0,4:A/New_Hampshire/12/2012|KF790252|11/08/2012|USA|12_13|H3N2/1-1409:1.0,8::1.0,6::1.0,13::1.0,11::2.0,12::1.0,16::0.25,7::0.25,15::1.5,5:A/Scotland/76/2003|CY088128|11/03/2003|United_Kingdom|03_04|H3N2/1-1409:1.0,9::3.0,6:A/DaNang/DN434/2008|CY104616|11/11/2008|Viet_Nam||H3N2/4-1412:1.0,18::0.5,7:A/Canterbury/58/2000|CY009150|09/05/2000|New_Zealand||H3N2/8-1416:1.0,8:A/Peru/PER247/2011|CY162234|08/26/2011|Peru||H3N2/8-1416:1.0,9:A/Boston/57/2008|CY044710|02/24/2008|USA|07_08|H3N2/1-1409:1.0,10:A/Indiana/03/2012|KC892731|04/03/2012|USA|11_12|H3N2/1-1409:1.0,19::1.0,11:A/Hong_Kong/H090_695_V10/2009|CY115546|07/10/2009|Hong_Kong||H3N2/8-1416:1.0,12:A/Minab/797/2011|KC865620|12/24/2011|Iran||H3N2/20-1428:1.0,13:A/Managua/25/2007|CY032439|06/27/2007|Nicaragua||H3N2/1-1409:2.0,14:A/Maryland/21/2011|KC892695|12/26/2011|USA|11_12|H3N2/1-1409:1.0,15:A/Denmark/107/2003|EU103941|2003|Denmark||H3N2/1-1409:0.5,16:A/Mexico/InDRE940/2003|CY100628|2003|Mexico||H3N2/15-1423:1.0,17:A/Boston/DOA2_107/2012|CY148382|11/01/2012|USA|12_13|H3N2/1-1409:1.0,18:A/New_York/182/2000|CY001279|02/18/2000|USA|99_00|H3N2/1-1409:1.0,19:A/Oregon/15/2009|GQ895004|06/25/2009|USA|08_09|H3N2/1-1409:1.0;
NEIGHBOUR	3137.642564	(((((((((A/Boston/57/2008|CY044710|02/24/2008|USA|07_08|H3N2/1-1409:1,A/DaNang/DN434/2008|CY104616|11/11/2008|Viet_Nam||H3N2/4-1412:1)1:3,(((((A/Denmark/107/2003|EU103941|2003|Denmark||H3N2/1-1409:0.5,A/Scotland/76/2003|CY088128|11/03/2003|United_Kingdom|03_04|H3N2/1-1409:1)1:1.5,(A/Canterbury/58/2000|CY009150|09/05/2000|New_Zealand||H3N2/8-1416:1,A/New_York/182/2000|CY001279|02/18/2000|USA|99_00|H3N2/1-1409:1)1:0.5)1:0.25,A/Mexico/InDRE940/2003|CY100628|2003|Mexico||H3N2/15-1423:1)1:1.25,(A/Hong_Kong/H090_695_V10/2009|CY115546|07/10/2009|Hong_Kong||H3N2/8-1416:1,A/Oregon/15/2009|GQ895004|06/25/2009|USA|08_09|H3N2/1-1409:1)1:1)1:2,A/Managua/25/2007|CY032439|06/27/2007|Nicaragua||H3N2/1-1409:2)1:1)1:0.5,A/Minab/797/2011|KC865620|12/24/2011|Iran||H3N2/20-1428:1)1:0.5,A/Peru/PER247/2011|CY162234|08/26/2011|Peru||H3N2/8-1416:1)1:1,(A/Maryland/21/2011|KC892695|12/26/2011|USA|11_12|H3N2/1-1409:1,A/Nebraska/15/2011|KC892583|12/15/2011|USA|11_12|H3N2/1-1409:0.5)1:0.25)1:0.25,A/New_Hampshire/12/2012|KF790252|11/08/2012|USA|12_13|H3N2/1-1409:1)1:1,(A/Hawaii/02/2013|KF789866|05/28/2013|USA|12_13|H3N2/1-1409:1,A/Boston/DOA2_107/2012|CY148382|11/01/2012|USA|12_13|H3N2/1-1409:1)1:0.5)1:0.5,A/Maryland/03/2013|KF789621|02/10/2013|USA|12_13|H3N2/1-1409:2)1:1.5,A/Indiana/03/2012|KC892731|04/03/2012|USA|11_12|H3N2/1-1409:1)1:0.5;	1::0.0,5::0.5,3::1.5,10::0.5,9::1.0,4::0.25,8::1.0,17::0.5,2::0.5,12::3.0,1:A/Boston/57/2008|CY044710|02/24/2008|USA|07_08|H3N2/1-1409:1.0,6::1.0,14::2.0,13::1.25,15::0.25,19::1.5,2:A/Denmark/107/2003|EU103941|2003|Denmark||H3N2/1-1409:0.5,3:A/Maryland/03/2013|KF789621|02/10/2013|USA|12_13|H3N2/1-1409:2.0,7::0.25,4:A/Maryland/21/2011|KC892695|12/26/2011|USA|11_12|H3N2/1-1409:1.0,5:A/Indiana/03/2012|KC892731|04/03/2012|USA|11_12|H3N2/1-1409:1.0,6:A/Managua/25/2007|CY032439|06/27/2007|Nicaragua||H3N2/1-1409:2.0,7:A/Nebraska/15/2011|KC892583|12/15/2011|USA|11_12|H3N2/1-1409:0.5,8:A/Peru/PER247/2011|CY162234|08/26/2011|Peru||H3N2/8-1416:1.0,9:A/New_Hampshire/12/2012|KF790252|11/08/2012|USA|12_13|H3N2/1-1409:1.0,11::0.5,10:A/Hawaii/02/2013|KF789866|05/28/2013|USA|12_13|H3N2/1-1409:1.0,11:A/Boston/DOA2_107/2012|CY148382|11/01/2012|USA|12_13|H3N2/1-1409:1.0,12:A/DaNang/DN434/2008|CY104616|11/11/2008|Viet_Nam||H3N2/4-1412:1.0,13:A/Mexico/InDRE940/2003|CY100628|2003|Mexico||H3N2/15-1423:1.0,16::1.0,14:A/Hong_Kong/H090_695_V10/2009|CY115546|07/10/2009|Hong_Kong||H3N2/8-1416:1.0,18::0.5,15:A/Canterbury/58/2000|CY009150|09/05/2000|New_Zealand||H3N2/8-1416:1.0,16:A/Oregon/15/2009|GQ895004|06/25/2009|USA|08_09|H3N2/1-1409:1.0,17:A/Minab/797/2011|KC865620|12/24/2011|Iran||H3N2/20-1428:1.0,18:A/New_York/182/2000|CY001279|02/18/2000|USA|99_00|H3N2/1-1409:1.0,19:A/Scotland/76/2003|CY088128|11/03/2003|United_Kingdom|03_04|H3N2/1-1409:1.0;
NEIGHBOUR	3132.62815	(A/Maryland/03/2013|KF789621|02/10/2013|USA|12_13|H3N2/1-1409:2,((A/Boston/DOA2_107/2012|CY148382|11/01/2012|USA|12_13|H3N2/1-1409:1,A/Hawaii/02/2013|KF789866|05/28/2013|USA|12_13|H3N2/1-1409:1)1:0.5,((((A/Maryland/21/2011|KC892695|12/26/2011|USA|11_12|H3N2/1-1409:1,A/Nebraska/15/2011|KC892583|12/15/2011|USA|11_12|H3N2/1-1409:0.5)1:0.25,((((((A/Hong_Kong/H090_695_V10/2009|CY115546|07/10/2009|Hong_Kong||H3N2/8-1416:1,A/Oregon/15/2009|GQ895004|06/25/2009|USA|08_09|H3N2/1-1409:1)1:1,(((A/Denmark/107/2003|EU103941|2003|Denmark||H3N2/1-1409:0.5,A/Scotland/76/2003|CY088128|11/03/2003|United_Kingdom|03_04|H3N2/1-1409:1)1:1.5,(A/Canterbury/58/2000|CY009150|09/05/2000|New_Zealand||H3N2/8-1416:1,A/New_York/182/2000|CY001279|02/18/2000|USA|99_00|H3N2/1-1409:1)1:0.5)1:0.25,A/Mexico/InDRE940/2003|CY100628|2003|Mexico||H3N2/15-1423:1)1:1.25)1:2,A/Managua/25/2007|CY032439|06/27/2007|Nicaragua||H3N2/1-1409:2)1:1,(A/Boston/57/2008|CY044710|02/24/2008|USA|07_08|H3N2/1-1409:1,A/DaNang/DN434/2008|CY104616|11/11/2008|Viet_Nam||H3N2/4-1412:1)1:3)1:0.5,A/Minab/797/2011|KC865620|12/24/2011|Iran||H3N2/20-1428:1)1:0.5,A/Peru/PER247/2011|CY162234|08/26/2011|Peru||H3N2/8-1416:1)1:1)1:0.125,A/Indiana/03/2012|KC892731|04/03/2012|USA|11_12|H3N2/1-1409:1)1:0.125,A/New_Hampshire/12/2012|KF790252|11/08/2012|USA|12_13|H3N2/1-1409:1)1:1)1:0.5)1:2;	1::0.0,2::2.0,1:A/Maryland/03/2013|KF789621|02/10/2013|USA|12_13|H3N2/1-1409:2.0,3::0.5,11::0.5,2:A/Boston/DOA2_107/2012|CY148382|11/01/2012|USA|12_13|H3N2/1-1409:1.0,10::1.0,15::0.125,4::0.125,19::0.25,3:A/Maryland/21/2011|KC892695|12/26/2011|USA|11_12|H3N2/1-1409:1.0,17::1.0,5::0.5,12::0.5,8::1.0,7::2.0,6::1.0,4:A/Hong_Kong/H090_695_V10/2009|CY115546|07/10/2009|Hong_Kong||H3N2/8-1416:1.0,5:A/Minab/797/2011|KC865620|12/24/2011|Iran||H3N2/20-1428:1.0,6:A/Oregon/15/2009|GQ895004|06/25/2009|USA|08_09|H3N2/1-1409:1.0,18::1.25,13::0.25,9::1.5,7:A/Denmark/107/2003|EU103941|2003|Denmark||H3N2/1-1409:0.5,8:A/Managua/25/2007|CY032439|06/27/2007|Nicaragua||H3N2/1-1409:2.0,9:A/Scotland/76/2003|CY088128|11/03/2003|United_Kingdom|03_04|H3N2/1-1409:1.0,10:A/New_Hampshire/12/2012|KF790252|11/08/2012|USA|12_13|H3N2/1-1409:1.0,11:A/Hawaii/02/2013|KF789866|05/28/2013|USA|12_13|H3N2/1-1409:1.0,16::3.0,12:A/Boston/57/2008|CY044710|02/24/2008|USA|07_08|H3N2/1-1409:1.0,14::0.5,13:A/Canterbury/58/2000|CY009150|09/05/2000|New_Zealand||H3N2/8-1416:1.0,14:A/New_York/182/2000|CY001279|02/18/2000|USA|99_00|H3N2/1-1409:1.0,15:A/Indiana/03/2012|KC892731|04/03/2012|USA|11_12|H3N2/1-1409:1.0,16:A/DaNang/DN434/2008|CY104616|11/11/2008|Viet_Nam||H3N2/4-1412:1.0,17:A/Peru/PER247/2011|CY162234|08/26/2011|Peru||H3N2/8-1416:1.0,18:A/Mexico/InDRE940/2003|CY100628|2003|Mexico||H3N2/15-1423:1.0,19:A/Nebraska/15/2011|KC892583|12/15/2011|USA|11_12|H3N2/1-1409:0.5;
NEIGHBOUR	3128.197073	(((((((((((((A/New_York/182/2000|CY001279|02/18/2000|USA|99_00|H3N2/1-1409:1,A/Canterbury/58/2000|CY009150|09/05/2000|New_Zealand||H3N2/8-1416:1)1:0.5,(A/Denmark/107/2003|EU103941|2003|Denmark||H3N2/1-1409:0.5,A/Scotland/76/2003|CY088128|11/03/2003|United_Kingdom|03_04|H3N2/1-1409:1)1:1.5)1:0.25,A/Mexico/InDRE940/2003|CY100628|2003|Mexico||H3N2/15-1423:1)1:3.25,A/Managua/25/2007|CY032439|06/27/2007|Nicaragua||H3N2/1-1409:2)1:1,(A/DaNang/DN434/2008|CY104616|11/11/2008|Viet_Nam||H3N2/4-1412:1,A/Boston/57/2008|CY044710|02/24/2008|USA|07_08|H3N2/1-1409:1)1:3)1:0.25,(A/Hong_Kong/H090_695_V10/2009|CY115546|07/10/2009|Hong_Kong||H3N2/8-1416:1,A/Oregon/15/2009|GQ895004|06/25/2009|USA|08_09|H3N2/1-1409:1)1:1)1:0.25,A/Minab/797/2011|KC865620|12/24/2011|Iran||H3N2/20-1428:1)1:0.5,A/Peru/PER247/2011|CY162234|08/26/2011|Peru||H3N2/8-1416:1)1:1,(A/Nebraska/15/2011|KC892583|12/15/2011|USA|11_12|H3N2/1-1409:0.5,A/Maryland/21/2011|KC892695|12/26/2011|USA|11_12|H3N2/1-1409:1)1:0.25)1:0.125,A/Indiana/03/2012|KC892731|04/03/2012|USA|11_12|H3N2/1-1409:1)1:0.125,A/New_Hampshire/12/2012|KF790252|11/08/2012|USA|12_13|H3N2/1-1409:1)1:1,(A/Boston/DOA2_107/2012|CY148382|11/01/2012|USA|12_13|H3N2/1-1409:1,A/Hawaii/02/2013|KF789866|05/28/2013|USA|12_13|H3N2/1-1409:1)1:0.5)1:0.5,A/Maryland/03/2013|KF789621|02/10/2013|USA|12_13|H3N2/1-1409:2)1:2;	1::0.0,18::2.0,5::0.5,13::1.0,3::0.125,2::0.125,19::1.0,9::0.5,11::0.25,7::0.25,12::1.0,8::3.25,4::0.25,10::0.5,1:A/New_York/182/2000|CY001279|02/18/2000|USA|99_00|H3N2/1-1409:1.0,17::0.25,2:A/Nebraska/15/2011|KC892583|12/15/2011|USA|11_12|H3N2/1-1409:0.5,3:A/Indiana/03/2012|KC892731|04/03/2012|USA|11_12|H3N2/1-1409:1.0,6::1.5,4:A/Denmark/107/2003|EU103941|2003|Denmark||H3N2/1-1409:0.5,16::0.5,5:A/Boston/DOA2_107/2012|CY148382|11/01/2012|USA|12_13|H3N2/1-1409:1.0,6:A/Scotland/76/2003|CY088128|11/03/2003|United_Kingdom|03_04|H3N2/1-1409:1.0,15::3.0,7:A/DaNang/DN434/2008|CY104616|11/11/2008|Viet_Nam||H3N2/4-1412:1.0,8:A/Mexico/InDRE940/2003|CY100628|2003|Mexico||H3N2/15-1423:1.0,9:A/Minab/797/2011|KC865620|12/24/2011|Iran||H3N2/20-1428:1.0,10:A/Canterbury/58/2000|CY009150|09/05/2000|New_Zealand||H3N2/8-1416:1.0,14::1.0,11:A/Hong_Kong/H090_695_V10/2009|CY115546|07/10/2009|Hong_Kong||H3N2/8-1416:1.0,12:A/Managua/25/2007|CY032439|06/27/2007|Nicaragua||H3N2/1-1409:2.0,13:A/New_Hampshire/12/2012|KF790252|11/08/2012|USA|12_13|H3N2/1-1409:1.0,14:A/Oregon/15/2009|GQ895004|06/25/2009|USA|08_09|H3N2/1-1409:1.0,15:A/Boston/57/2008|CY044710|02/24/2008|USA|07_08|H3N2/1-1409:1.0,16:A/Hawaii/02/2013|KF789866|05/28/2013|USA|12_13|H3N2/1-1409:1.0,17:A/Maryland/21/2011|KC892695|12/26/2011|USA|11_12|H3N2/1-1409:1.0,18:A/Maryland/03/2013|KF789621|02/10/2013|USA|12_13|H3N2/1-1409:2.0,19:A/Peru/PER247/2011|CY162234|08/26/2011|Peru||H3N2/8-1416:1.0;
NEIGHBOUR	3123.63202	(((A/New_Hampshire/12/2012|KF790252|11/08/2012|USA|12_13|H3N2/1-1409:1,(((((((((((A/Canterbury/58/2000|CY009150|09/05/2000|New_Zealand||H3N2/8-1416:1,A/New_York/182/2000|CY001279|02/18/2000|USA|99_00|H3N2/1-1409:1)1:0.5,(A/Denmark/107/2003|EU103941|2003|Denmark||H3N2/1-1409:0.5,A/Scotland/76/2003|CY088128|11/03/2003|United_Kingdom|03_04|H3N2/1-1409:1)1:1.5)1:0.25,A/Mexico/InDRE940/2003|CY100628|2003|Mexico||H3N2/15-1423:1)1:3.25,A/Managua/25/2007|CY032439|06/27/2007|Nicaragua||H3N2/1-1409:2)1:1,A/DaNang/DN434/2008|CY104616|11/11/2008|Viet_Nam||H3N2/4-1412:4)1:0.125,A/Boston/57/2008|CY044710|02/24/2008|USA|07_08|H3N2/1-1409:1)1:0.125,(A/Hong_Kong/H090_695_V10/2009|CY115546|07/10/2009|Hong_Kong||H3N2/8-1416:1,A/Oregon/15/2009|GQ895004|06/25/2009|USA|08_09|H3N2/1-1409:1)1:1)1:0.25,A/Minab/797/2011|KC865620|12/24/2011|Iran||H3N2/20-1428:1)1:0.5,A/Peru/PER247/2011|CY162234|08/26/2011|Peru||H3N2/8-1416:1)1:1,(A/Maryland/21/2011|KC892695|12/26/2011|USA|11_12|H3N2/1-1409:1,A/Nebraska/15/2011|KC892583|12/15/2011|USA|11_12|H3N2/1-1409:0.5)1:0.25)1:0.125,A/Indiana/03/2012|KC892731|04/03/2012|USA|11_12|H3N2/1-1409:1)1:0.125)1:1,(A/Boston/DOA2_107/2012|CY148382|11/01/2012|USA|12_13|H3N2/1-1409:1,A/Hawaii/02/2013|KF789866|05/28/2013|USA|12_13|H3N2/1-1409:1)1:0.5)1:0.5,A/Maryland/03/2013|KF789621|02/10/2013|USA|12_13|H3N2/1-1409:2)1:2;	1::0.0,13::2.0,8::0.5,2::1.0,1:A/New_Hampshire/12/2012|KF790252|11/08/2012|USA|12_13|H3N2/1-1409:1.0,18::0.125,5::0.125,11::1.0,10::0.5,4::0.25,17::0.125,12::0.125,6::1.0,9::3.25,7::0.25,3::0.5,2:A/Canterbury/58/2000|CY009150|09/05/2000|New_Zealand||H3N2/8-1416:1.0,3:A/New_York/182/2000|CY001279|02/18/2000|USA|99_00|H3N2/1-1409:1.0,14::1.0,4:A/Hong_Kong/H090_695_V10/2009|CY115546|07/10/2009|Hong_Kong||H3N2/8-1416:1.0,16::0.25,5:A/Maryland/21/2011|KC892695|12/26/2011|USA|11_12|H3N2/1-1409:1.0,6:A/Managua/25/2007|CY032439|06/27/2007|Nicaragua||H3N2/1-1409:2.0,19::1.5,7:A/Denmark/107/2003|EU103941|2003|Denmark||H3N2/1-1409:0.5,15::0.5,8:A/Boston/DOA2_107/2012|CY148382|11/01/2012|USA|12_13|H3N2/1-1409:1.0,9:A/Mexico/InDRE940/2003|CY100628|2003|Mexico||H3N2/15-1423:1.0,10:A/Minab/797/2011|KC865620|12/24/2011|Iran||H3N2/20-1428:1.0,11:A/Peru/PER247/2011|CY162234|08/26/2011|Peru||H3N2/8-1416:1.0,12:A/DaNang/DN434/2008|CY104616|11/11/2008|Viet_Nam||H3N2/4-1412:4.0,13:A/Maryland/03/2013|KF789621|02/10/2013|USA|12_13|H3N2/1-1409:2.0,14:A/Oregon/15/2009|GQ895004|06/25/2009|USA|08_09|H3N2/1-1409:1.0,15:A/Hawaii/02/2013|KF789866|05/28/2013|USA|12_13|H3N2/1-1409:1.0,16:A/Nebraska/15/2011|KC892583|12/15/2011|USA|11_12|H3N2/1-1409:0.5,17:A/Boston/57/2008|CY044710|02/24/2008|USA|07_08|H3N2/1-1409:1.0,18:A/Indiana/03/2012|KC892731|04/03/2012|USA|11_12|H3N2/1-1409:1.0,19:A/Scotland/76/2003|CY088128|11/03/2003|United_Kingdom|03_04|H3N2/1-1409:1.0;
NEIGHBOUR	3123.343178	(((((((((((((((A/Scotland/76/2003|CY088128|11/03/2003|United_Kingdom|03_04|H3N2/1-1409:1,A/Denmark/107/2003|EU103941|2003|Denmark||H3N2/1-1409:0.5)1:1.5,A/Canterbury/58/2000|CY009150|09/05/2000|New_Zealand||H3N2/8-1416:1.5)1:0.125,A/New_York/182/2000|CY001279|02/18/2000|USA|99_00|H3N2/1-1409:1)1:0.125,A/Mexico/InDRE940/2003|CY100628|2003|Mexico||H3N2/15-1423:1)1:3.25,A/Managua/25/2007|CY032439|06/27/2007|Nicaragua||H3N2/1-1409:2)1:1,A/DaNang/DN434/2008|CY104616|11/11/2008|Viet_Nam||H3N2/4-1412:4)1:0.125,A/Boston/57/2008|CY044710|02/24/2008|USA|07_08|H3N2/1-1409:1)1:0.125,(A/Hong_Kong/H090_695_V10/2009|CY115546|07/10/2009|Hong_Kong||H3N2/8-1416:1,A/Oregon/15/2009|GQ895004|06/25/2009|USA|08_09|H3N2/1-1409:1)1:1)1:0.25,A/Minab/797/2011|KC865620|12/24/2011|Iran||H3N2/20-1428:1)1:0.5,A/Peru/PER247/2011|CY162234|08/26/2011|Peru||H3N2/8-1416:1)1:1,(A/Maryland/21/2011|KC892695|12/26/2011|USA|11_12|H3N2/1-1409:1,A/Nebraska/15/2011|KC892583|12/15/2011|USA|11_12|H3N2/1-1409:0.5)1:0.25)1:0.125,A/Indiana/03/2012|KC892731|04/03/2012|USA|11_12|H3N2/1-1409:1)1:0.125,A/New_Hampshire/12/2012|KF790252|11/08/2012|USA|12_13|H3N2/1-1409:1)1:1,(A/Boston/DOA2_107/2012|CY148382|11/01/2012|USA|12_13|H3N2/1-1409:1,A/Hawaii/02/2013|KF789866|05/28/2013|USA|12_13|H3N2/1-1409:1)1:0.5)1:0.5,A/Maryland/03/2013|KF789621|02/10/2013|USA|12_13|H3N2/1-1409:2)1:2;	1::0.0,15::2.0,2::0.5,11::1.0,18::0.125,5::0.125,4::1.0,13::0.5,6::0.25,12::0.125,3::0.125,8::1.0,14::3.25,19::0.125,9::0.125,10::1.5,1:A/Scotland/76/2003|CY088128|11/03/2003|United_Kingdom|03_04|H3N2/1-1409:1.0,17::0.5,2:A/Boston/DOA2_107/2012|CY148382|11/01/2012|USA|12_13|H3N2/1-1409:1.0,3:A/DaNang/DN434/2008|CY104616|11/11/2008|Viet_Nam||H3N2/4-1412:4.0,4:A/Peru/PER247/2011|CY162234|08/26/2011|Peru||H3N2/8-1416:1.0,7::0.25,5:A/Maryland/21/2011|KC892695|12/26/2011|USA|11_12|H3N2/1-1409:1.0,16::1.0,6:A/Hong_Kong/H090_695_V10/2009|CY115546|07/10/2009|Hong_Kong||H3N2/8-1416:1.0,7:A/Nebraska/15/2011|KC892583|12/15/2011|USA|11_12|H3N2/1-1409:0.5,8:A/Managua/25/2007|CY032439|06/27/2007|Nicaragua||H3N2/1-1409:2.0,9:A/Canterbury/58/2000|CY009150|09/05/2000|New_Zealand||H3N2/8-1416:1.5,10:A/Denmark/107/2003|EU103941|2003|Denmark||H3N2/1-1409:0.5,11:A/New_Hampshire/12/2012|KF790252|11/08/2012|USA|12_13|H3N2/1-1409:1.0,12:A/Boston/57/2008|CY044710|02/24/2008|USA|07_08|H3N2/1-1409:1.0,13:A/Minab/797/2011|KC865620|12/24/2011|Iran||H3N2/20-1428:1.0,14:A/Mexico/InDRE940/2003|CY100628|2003|Mexico||H3N2/15-1423:1.0,15:A/Maryland/03/2013|KF789621|02/10/2013|USA|12_13|H3N2/1-1409:2.0,16:A/Oregon/15/2009|GQ895004|06/25/2009|USA|08_09|H3N2/1-1409:1.0,17:A/Hawaii/02/2013|KF789866|05/28/2013|USA|12_13|H3N2/1-1409:1.0,18:A/Indiana/03/2012|KC892731|04/03/2012|USA|11_12|H3N2/1-1409:1.0,19:A/New_York/182/2000|CY001279|02/18/2000|USA|99_00|H3N2/1-1409:1.0;
REORDER	3123.343178	(A/Maryland/03/2013|KF789621|02/10/2013|USA|12_13|H3N2/1-1409:2,(((((A/Peru/PER247/2011|CY162234|08/26/2011|Peru||H3N2/8-1416:1,(((((((A/New_York/182/2000|CY001279|02/18/2000|USA|99_00|H3N2/1-1409:1,(A/Canterbury/58/2000|CY009150|09/05/2000|New_Zealand||H3N2/8-1416:1.5,(A/Denmark/107/2003|EU103941|2003|Denmark||H3N2/1-1409:0.5,A/Scotland/76/2003|CY088128|11/03/2003|United_Kingdom|03_04|H3N2/1-1409:1)1:1.5)1:0.125)1:0.125,A/Mexico/InDRE940/2003|CY100628|2003|Mexico||H3N2/15-1423:1)1:3.25,A/Managua/25/2007|CY032439|06/27/2007|Nicaragua||H3N2/1-1409:2)1:1,A/DaNang/DN434/2008|CY104616|11/11/2008|Viet_Nam||H3N2/4-1412:4)1:0.125,A/Boston/57/2008|CY044710|02/24/2008|USA|07_08|H3N2/1-1409:1)1:0.125,(A/Hong_Kong/H090_695_V10/2009|CY115546|07/10/2009|Hong_Kong||H3N2/8-1416:1,A/Oregon/15/2009|GQ895004|06/25/2009|USA|08_09|H3N2/1-1409:1)1:1)1:0.25,A/Minab/797/2011|KC865620|12/24/2011|Iran||H3N2/20-1428:1)1:0.5)1:1,(A/Nebraska/15/2011|KC892583|12/15/2011|USA|11_12|H3N2/1-1409:0.5,A/Maryland/21/2011|KC892695|12/26/2011|USA|11_12|H3N2/1-1409:1)1:0.25)1:0.125,A/Indiana/03/2012|KC892731|04/03/2012|USA|11_12|H3N2/1-1409:1)1:0.125,A/New_Hampshire/12/2012|KF790252|11/08/2012|USA|12_13|H3N2/1-1409:1)1:1,(A/Boston/DOA2_107/2012|CY148382|11/01/2012|USA|12_13|H3N2/1-1409:1,A/Hawaii/02/2013|KF789866|05/28/2013|USA|12_13|H3N2/1-1409:1)1:0.5)1:0.5)1:2;	1::0.0,2::2.0,1:A/Maryland/03/2013|KF789621|02/10/2013|USA|12_13|H3N2/1-1409:2.0,3::0.5,16::1.0,19::0.125,5::0.125,4::1.0,2:A/Peru/PER247/2011|CY162234|08/26/2011|Peru||H3N2/8-1416:1.0,18::0.5,3:A/Boston/DOA2_107/2012|CY148382|11/01/2012|USA|12_13|H3N2/1-1409:1.0,6::0.5,15::0.25,12::0.125,14::0.125,7::1.0,11::3.25,8::0.125,4:A/New_York/182/2000|CY001279|02/18/2000|USA|99_00|H3N2/1-1409:1.0,13::0.25,5:A/Nebraska/15/2011|KC892583|12/15/2011|USA|11_12|H3N2/1-1409:0.5,6:A/Minab/797/2011|KC865620|12/24/2011|Iran||H3N2/20-1428:1.0,7:A/Managua/25/2007|CY032439|06/27/2007|Nicaragua||H3N2/1-1409:2.0,9::0.125,8:A/Canterbury/58/2000|CY009150|09/05/2000|New_Zealand||H3N2/8-1416:1.5,10::1.5,9:A/Denmark/107/2003|EU103941|2003|Denmark||H3N2/1-1409:0.5,10:A/Scotland/76/2003|CY088128|11/03/2003|United_Kingdom|03_04|H3N2/1-1409:1.0,11:A/Mexico/InDRE940/2003|CY100628|2003|Mexico||H3N2/15-1423:1.0,12:A/Boston/57/2008|CY044710|02/24/2008|USA|07_08|H3N2/1-1409:1.0,13:A/Maryland/21/2011|KC892695|12/26/2011|USA|11_12|H3N2/1-1409:1.0,14:A/DaNang/DN434/2008|CY104616|11/11/2008|Viet_Nam||H3N2/4-1412:4.0,17::1.0,15:A/Hong_Kong/H090_695_V10/2009|CY115546|07/10/2009|Hong_Kong||H3N2/8-1416:1.0,16:A/New_Hampshire/12/2012|KF790252|11/08/2012|USA|12_13|H3N2/1-1409:1.0,17:A/Oregon/15/2009|GQ895004|06/25/2009|USA|08_09|H3N2/1-1409:1.0,18:A/Hawaii/02/2013|KF789866|05/28/2013|USA|12_13|H3N2/1-1409:1.0,19:A/Indiana/03/2012|KC892731|04/03/2012|USA|11_12|H3N2/1-1409:1.0;
REORDER	3123.343178	(((((((((((((A/New_York/182/2000|CY001279|02/18/2000|USA|99_00|H3N2/1-1409:1,(A/Canterbury/58/2000|CY009150|09/05/2000|New_Zealand||H3N2/8-1416:1.5,(A/Denmark/107/2003|EU103941|2003|Denmark||H3N2/1-1409:0.5,A/Scotland/76/2003|CY088128|11/03/2003|United_Kingdom|03_04|H3N2/1-1409:1)1:1.5)1:0.125)1:0.125,A/Mexico/InDRE940/2003|CY100628|2003|Mexico||H3N2/15-1423:1)1:3.25,A/Managua/25/2007|CY032439|06/27/2007|Nicaragua||H3N2/1-1409:2)1:1,A/DaNang/DN434/2008|CY104616|11/11/2008|Viet_Nam||H3N2/4-1412:4)1:0.125,A/Boston/57/2008|CY044710|02/24/2008|USA|07_08|H3N2/1-1409:1)1:0.125,(A/Oregon/15/2009|GQ895004|06/25/2009|USA|08_09|H3N2/1-1409:1,A/Hong_Kong/H090_695_V10/2009|CY115546|07/10/2009|Hong_Kong||H3N2/8-1416:1)1:1)1:0.25,A/Minab/797/2011|KC865620|12/24/2011|Iran||H3N2/20-1428:1)1:0.5,A/Peru/PER247/2011|CY162234|08/26/2011|Peru||H3N2/8-1416:1)1:1,(A/Nebraska/15/2011|KC892583|12/15/2011|USA|11_12|H3N2/1-1409:0.5,A/Maryland/21/2011|KC892695|12/26/2011|USA|11_12|H3N2/1-1409:1)1:0.25)1:0.125,A/Indiana/03/2012|KC892731|04/03/2012|USA|11_12|H3N2/1-1409:1)1:0.125,A/New_Hampshire/12/2012|KF790252|11/08/2012|USA|12_13|H3N2/1-1409:1)1:1,(A/Boston/DOA2_107/2012|CY148382|11/01/2012|USA|12_13|H3N2/1-1409:1,A/Hawaii/02/2013|KF789866|05/28/2013|USA|12_13|H3N2/1-1409:1)1:0.5)1:0.5,A/Maryland/03/2013|KF789621|02/10/2013|USA|12_13|H3N2/1-1409:2)1:2;	1::0.0,18::2.0,5::0.5,12::1.0,13::0.125,4::0.125,6::1.0,15::0.5,7::0.25,3::0.125,10::0.125,2::1.0,14::3.25,11::0.125,1:A/New_York/182/2000|CY001279|02/18/2000|USA|99_00|H3N2/1-1409:1.0,2:A/Managua/25/2007|CY032439|06/27/2007|Nicaragua||H3N2/1-1409:2.0,3:A/Boston/57/2008|CY044710|02/24/2008|USA|07_08|H3N2/1-1409:1.0,19::0.25,4:A/Nebraska/15/2011|KC892583|12/15/2011|USA|11_12|H3N2/1-1409:0.5,8::0.5,5:A/Boston/DOA2_107/2012|CY148382|11/01/2012|USA|12_13|H3N2/1-1409:1.0,6:A/Peru/PER247/2011|CY162234|08/26/2011|Peru||H3N2/8-1416:1.0,9::1.0,7:A/Oregon/15/2009|GQ895004|06/25/2009|USA|08_09|H3N2/1-1409:1.0,8:A/Hawaii/02/2013|KF789866|05/28/2013|USA|12_13|H3N2/1-1409:1.0,9:A/Hong_Kong/H090_695_V10/2009|CY115546|07/10/2009|Hong_Kong||H3N2/8-1416:1.0,10:A/DaNang/DN434/2008|CY104616|11/11/2008|Viet_Nam||H3N2/4-1412:4.0,16::0.125,11:A/Canterbury/58/2000|CY009150|09/05/2000|New_Zealand||H3N2/8-1416:1.5,12:A/New_Hampshire/12/2012|KF790252|11/08/2012|USA|12_13|H3N2/1-1409:1.0,13:A/Indiana/03/2012|KC892731|04/03/2012|USA|11_12|H3N2/1-1409:1.0,14:A/Mexico/InDRE940/2003|CY100628|2003|Mexico||H3N2/15-1423:1.0,15:A/Minab/797/2011|KC865620|12/24/2011|Iran||H3N2/20-1428:1.0,17::1.5,16:A/Denmark/107/2003|EU103941|2003|Denmark||H3N2/1-1409:0.5,17:A/Scotland/76/2003|CY088128|11/03/2003|United_Kingdom|03_04|H3N2/1-1409:1.0,18:A/Maryland/03/2013|KF789621|02/10/2013|USA|12_13|H3N2/1-1409:2.0,19:A/Maryland/21/2011|KC892695|12/26/2011|USA|11_12|H3N2/1-1409:1.0;
REORDER	3123.343178	(((((((((A/Hong_Kong/H090_695_V10/2009|CY115546|07/10/2009|Hong_Kong||H3N2/8-1416:1,A/Oregon/15/2009|GQ895004|06/25/2009|USA|08_09|H3N2/1-1409:1)1:1,((((A/Mexico/InDRE940/2003|CY100628|2003|Mexico||H3N2/15-1423:1,(((A/Denmark/107/2003|EU103941|2003|Denmark||H3N2/1-1409:0.5,A/Scotland/76/2003|CY088128|11/03/2003|United_Kingdom|03_04|H3N2/1-1409:1)1:1.5,A/Canterbury/58/2000|CY009150|09/05/2000|New_Zealand||H3N2/8-1416:1.5)1:0.125,A/New_York/182/2000|CY001279|02/18/2000|USA|99_00|H3N2/1-1409:1)1:0.125)1:3.25,A/Managua/25/2007|CY032439|06/27/2007|Nicaragua||H3N2/1-1409:2)1:1,A/DaNang/DN434/2008|CY104616|11/11/2008|Viet_Nam||H3N2/4-1412:4)1:0.125,A/Boston/57/2008|CY044710|02/24/2008|USA|07_08|H3N2/1-1409:1)1:0.125)1:0.25,A/Minab/797/2011|KC865620|12/24/2011|Iran||H3N2/20-1428:1)1:0.5,A/Peru/PER247/2011|CY162234|08/26/2011|Peru||H3N2/8-1416:1)1:1,(A/Maryland/21/2011|KC892695|12/26/2011|USA|11_12|H3N2/1-1409:1,A/Nebraska/15/2011|KC892583|12/15/2011|USA|11_12|H3N2/1-1409:0.5)1:0.25)1:0.125,A/Indiana/03/2012|KC892731|04/03/2012|USA|11_12|H3N2/1-1409:1)1:0.125,A/New_Hampshire/12/2012|KF790252|11/08/2012|USA|12_13|H3N2/1-1409:1)1:1,(A/Boston/DOA2_107/2012|CY148382|11/01/2012|USA|12_13|H3N2/1-1409:1,A/Hawaii/02/2013|KF789866|05/28/2013|USA|12_13|H3N2/1-1409:1)1:0.5)1:0.5,A/Maryland/03/2013|KF789621|02/10/2013|USA|12_13|H3N2/1-1409:2)1:2;	1::0.0,9::2.0,11::0.5,15::1.0,10::0.125,7::0.125,18::1.0,13::0.5,2::0.25,3::1.0,1:A/Hong_Kong/H090_695_V10/2009|CY115546|07/10/2009|Hong_Kong||H3N2/8-1416:1.0,8::0.125,12::0.125,4::1.0,5::3.25,2:A/Mexico/InDRE940/2003|CY100628|2003|Mexico||H3N2/15-1423:1.0,3:A/Oregon/15/2009|GQ895004|06/25/2009|USA|08_09|H3N2/1-1409:1.0,4:A/Managua/25/2007|CY032439|06/27/2007|Nicaragua||H3N2/1-1409:2.0,16::0.125,6::0.125,14::1.5,5:A/Denmark/107/2003|EU103941|2003|Denmark||H3N2/1-1409:0.5,6:A/Canterbury/58/2000|CY009150|09/05/2000|New_Zealand||H3N2/8-1416:1.5,17::0.25,7:A/Maryland/21/2011|KC892695|12/26/2011|USA|11_12|H3N2/1-1409:1.0,8:A/Boston/57/2008|CY044710|02/24/2008|USA|07_08|H3N2/1-1409:1.0,9:A/Maryland/03/2013|KF789621|02/10/2013|USA|12_13|H3N2/1-1409:2.0,10:A/Indiana/03/2012|KC892731|04/03/2012|USA|11_12|H3N2/1-1409:1.0,19::0.5,11:A/Boston/DOA2_107/2012|CY148382|11/01/2012|USA|12_13|H3N2/1-1409:1.0,12:A/DaNang/DN434/2008|CY104616|11/11/2008|Viet_Nam||H3N2/4-1412:4.0,13:A/Minab/797/2011|KC865620|12/24/2011|Iran||H3N2/20-1428:1.0,14:A/Scotland/76/2003|CY088128|11/03/2003|United_Kingdom|03_04|H3N2/1-1409:1.0,15:A/New_Hampshire/12/2012|KF790252|11/08/2012|USA|12_13|H3N2/1-1409:1.0,16:A/New_York/182/2000|CY001279|02/18/2000|USA|99_00|H3N2/1-1409:1.0,17:A/Nebraska/15/2011|KC892583|12/15/2011|USA|11_12|H3N2/1-1409:0.5,18:A/Peru/PER247/2011|CY162234|08/26/2011|Peru||H3N2/8-1416:1.0,19:A/Hawaii/02/2013|KF789866|05/28/2013|USA|12_13|H3N2/1-1409:1.0;
REORDER	3123.343178	(((((((((A/Oregon/15/2009|GQ895004|06/25/2009|USA|08_09|H3N2/1-1409:1,A/Hong_Kong/H090_695_V10/2009|CY115546|07/10/2009|Hong_Kong||H3N2/8-1416:1)1:1,(((((A/New_York/182/2000|CY001279|02/18/2000|USA|99_00|H3N2/1-1409:1,((A/Denmark/107/2003|EU103941|2003|Denmark||H3N2/1-1409:0.5,A/Scotland/76/2003|CY088128|11/03/2003|United_Kingdom|03_04|H3N2/1-1409:1)1:1.5,A/Canterbury/58/2000|CY009150|09/05/2000|New_Zealand||H3N2/8-1416:1.5)1:0.125)1:0.125,A/Mexico/InDRE940/2003|CY100628|2003|Mexico||H3N2/15-1423:1)1:3.25,A/Managua/25/2007|CY032439|06/27/2007|Nicaragua||H3N2/1-1409:2)1:1,A/DaNang/DN434/2008|CY104616|11/11/2008|Viet_Nam||H3N2/4-1412:4)1:0.125,A/Boston/57/2008|CY044710|02/24/2008|USA|07_08|H3N2/1-1409:1)1:0.125)1:0.25,A/Minab/797/2011|KC865620|12/24/2011|Iran||H3N2/20-1428:1)1:0.5,A/Peru/PER247/2011|CY162234|08/26/2011|Peru||H3N2/8-1416:1)1:1,(A/Maryland/21/2011|KC892695|12/26/2011|USA|11_12|H3N2/1-1409:1,A/Nebraska/15/2011|KC892583|12/15/2011|USA|11_12|H3N2/1-1409:0.5)1:0.25)1:0.125,A/Indiana/03/2012|KC892731|04/03/2012|USA|11_12|H3N2/1-1409:1)1:0.125,A/New_Hampshire/12/2012|KF790252|11/08/2012|USA|12_13|H3N2/1-1409:1)1:1,(A/Boston/DOA2_107/2012|CY148382|11/01/2012|USA|12_13|H3N2/1-1409:1,A/Hawaii/02/2013|KF789866|05/28/2013|USA|12_13|H3N2/1-1409:1)1:0.5)1:0.5,A/Maryland/03/2013|KF789621|02/10/2013|USA|12_13|H3N2/1-1409:2)1:2;	1::0.0,19::2.0,3::0.5,17::1.0,15::0.125,6::0.125,16::1.0,13::0.5,2::0.25,9::1.0,1:A/Oregon/15/2009|GQ895004|06/25/2009|USA|08_09|H3N2/1-1409:1.0,18::0.125,10::0.125,7::1.0,5::3.25,11::0.125,2:A/New_York/182/2000|CY001279|02/18/2000|USA|99_00|H3N2/1-1409:1.0,4::0.5,3:A/Boston/DOA2_107/2012|CY148382|11/01/2012|USA|12_13|H3N2/1-1409:1.0,4:A/Hawaii/02/2013|KF789866|05/28/2013|USA|12_13|H3N2/1-1409:1.0,5:A/Mexico/InDRE940/2003|CY100628|2003|Mexico||H3N2/15-1423:1.0,8::0.25,6:A/Maryland/21/2011|KC892695|12/26/2011|USA|11_12|H3N2/1-1409:1.0,7:A/Managua/25/2007|CY032439|06/27/2007|Nicaragua||H3N2/1-1409:2.0,8:A/Nebraska/15/2011|KC892583|12/15/2011|USA|11_12|H3N2/1-1409:0.5,9:A/Hong_Kong/H090_695_V10/2009|CY115546|07/10/2009|Hong_Kong||H3N2/8-1416:1.0,10:A/DaNang/DN434/2008|CY104616|11/11/2008|Viet_Nam||H3N2/4-1412:4.0,14::0.125,12::1.5,11:A/Denmark/107/2003|EU103941|2003|Denmark||H3N2/1-1409:0.5,12:A/Scotland/76/2003|CY088128|11/03/2003|United_Kingdom|03_04|H3N2/1-1409:1.0,13:A/Minab/797/2011|KC865620|12/24/2011|Iran||H3N2/20-1428:1.0,14:A/Canterbury/58/2000|CY009150|09/05/2000|New_Zealand||H3N2/8-1416:1.5,15:A/Indiana/03/2012|KC892731|04/03/2012|USA|11_12|H3N2/1-1409:1.0,16:A/Peru/PER247/2011|CY162234|08/26/2011|Peru||H3N2/8-1416:1.0,17:A/New_Hampshire/12/2012|KF790252|11/08/2012|USA|12_13|H3N2/1-1409:1.0,18:A/Boston/57/2008|CY044710|02/24/2008|USA|07_08|H3N2/1-1409:1.0,19:A/Maryland/03/2013|KF789621|02/10/2013|USA|12_13|H3N2/1-1409:2.0;
REORDER	3123.343178	((((((((((A/DaNang/DN434/2008|CY104616|11/11/2008|Viet_Nam||H3N2/4-1412:4,(A/Managua/25/2007|CY032439|06/27/2007|Nicaragua||H3N2/1-1409:2,(A/Mexico/InDRE940/2003|CY100628|2003|Mexico||H3N2/15-1423:1,(A/New_York/182/2000|CY001279|02/18/2000|USA|99_00|H3N2/1-1409:1,(A/Canterbury/58/2000|CY009150|09/05/2000|New_Zealand||H3N2/8-1416:1.5,(A/Denmark/107/2003|EU103941|2003|Denmark||H3N2/1-1409:0.5,A/Scotland/76/2003|CY088128|11/03/2003|United_Kingdom|03_04|H3N2/1-1409:1)1:1.5)1:0.125)1:0.125)1:3.25)1:1)1:0.125,A/Boston/57/2008|CY044710|02/24/2008|USA|07_08|H3N2/1-1409:1)1:0.125,(A/Hong_Kong/H090_695_V10/2009|CY115546|07/10/2009|Hong_Kong||H3N2/8-1416:1,A/Oregon/15/2009|GQ895004|06/25/2009|USA|08_09|H3N2/1-1409:1)1:1)1:0.25,A/Minab/797/2011|KC865620|12/24/2011|Iran||H3N2/20-1428:1)1:0.5,A/Peru/PER247/2011|CY162234|08/26/2011|Peru||H3N2/8-1416:1)1:1,(A/Nebraska/15/2011|KC892583|12/15/2011|USA|11_12|H3N2/1-1409:0.5,A/Maryland/21/2011|KC892695|12/26/2011|USA|11_12|H3N2/1-1409:1)1:0.25)1:0.125,A/Indiana/03/2012|KC892731|04/03/2012|USA|11_12|H3N2/1-1409:1)1:0.125,A/New_Hampshire/12/2012|KF790252|11/08/2012|USA|12_13|H3N2/1-1409:1)1:1,(A/Boston/DOA2_107/2012|CY148382|11/01/2012|USA|12_13|H3N2/1-1409:1,A/Hawaii/02/2013|KF789866|05/28/2013|USA|12_13|H3N2/1-1409:1)1:0.5)1:0.5,A/Maryland/03/2013|KF789621|02/10/2013|USA|12_13|H3N2/1-1409:2)1:2;	1::0.0,14::2.0,2::0.5,17::1.0,6::0.125,4::0.125,5::1.0,16::0.5,3::0.25,8::0.125,7::0.125,1:A/DaNang/DN434/2008|CY104616|11/11/2008|Viet_Nam||H3N2/4-1412:4.0,18::0.5,2:A/Boston/DOA2_107/2012|CY148382|11/01/2012|USA|12_13|H3N2/1-1409:1.0,13::1.0,3:A/Hong_Kong/H090_695_V10/2009|CY115546|07/10/2009|Hong_Kong||H3N2/8-1416:1.0,12::0.25,4:A/Nebraska/15/2011|KC892583|12/15/2011|USA|11_12|H3N2/1-1409:0.5,5:A/Peru/PER247/2011|CY162234|08/26/2011|Peru||H3N2/8-1416:1.0,6:A/Indiana/03/2012|KC892731|04/03/2012|USA|11_12|H3N2/1-1409:1.0,9::1.0,7:A/Managua/25/2007|CY032439|06/27/2007|Nicaragua||H3N2/1-1409:2.0,8:A/Boston/57/2008|CY044710|02/24/2008|USA|07_08|H3N2/1-1409:1.0,10::3.25,9:A/Mexico/InDRE940/2003|CY100628|2003|Mexico||H3N2/15-1423:1.0,11::0.125,10:A/New_York/182/2000|CY001279|02/18/2000|USA|99_00|H3N2/1-1409:1.0,15::0.125,11:A/Canterbury/58/2000|CY009150|09/05/2000|New_Zealand||H3N2/8-1416:1.5,12:A/Maryland/21/2011|KC892695|12/26/2011|USA|11_12|H3N2/1-1409:1.0,13:A/Oregon/15/2009|GQ895004|06/25/2009|USA|08_09|H3N2/1-1409:1.0,14:A/Maryland/03/2013|KF789621|02/10/2013|USA|12_13|H3N2/1-1409:2.0,19::1.5,15:A/Denmark/107/2003|EU103941|2003|Denmark||H3N2/1-1409:0.5,16:A/Minab/797/2011|KC865620|12/24/2011|Iran||H3N2/20-1428:1.0,17:A/New_Hampshire/12/2012|KF790252|11/08/2012|USA|12_13|H3N2/1-1409:1.0,18:A/Hawaii/02/2013|KF789866|05/28/2013|USA|12_13|H3N2/1-1409:1.0,19:A/Scotland/76/2003|CY088128|11/03/2003|United_Kingdom|03_04|H3N2/1-1409:1.0;
